Date,Time,Visits,Day
9/18/22,Time,0,Sunday
9/18/2022,6:00 AM,0,Sunday
9/18/2022,7:00 AM,0,Sunday
9/18/2022,8:00 AM,0,Sunday
9/18/2022,9:00 AM,0,Sunday
9/18/2022,10:00 AM,0,Sunday
9/18/2022,11:00 AM,0,Sunday
9/18/2022,12:00 PM,379,Sunday
9/18/2022,1:00 PM,281,Sunday
9/18/2022,2:00 PM,214,Sunday
9/18/2022,3:00 PM,220,Sunday
9/18/2022,4:00 PM,205,Sunday
9/18/2022,5:00 PM,151,Sunday
9/18/2022,6:00 PM,146,Sunday
9/18/2022,7:00 PM,91,Sunday
9/18/2022,8:00 PM,9,Sunday
9/18/2022,9:00 PM,0,Sunday
9/19/2022,10:00 PM,98,Sunday
9/19/2022,6:00 AM,126,Monday
9/19/2022,7:00 AM,133,Monday
9/19/2022,8:00 AM,192,Monday
9/19/2022,9:00 AM,229,Monday
9/19/2022,10:00 AM,242,Monday
9/19/2022,11:00 AM,221,Monday
9/19/2022,12:00 PM,229,Monday
9/19/2022,1:00 PM,223,Monday
9/19/2022,2:00 PM,251,Monday
9/19/2022,3:00 PM,395,Monday
9/19/2022,4:00 PM,323,Monday
9/19/2022,5:00 PM,272,Monday
9/19/2022,6:00 PM,177,Monday
9/19/2022,7:00 PM,180,Monday
9/19/2022,8:00 PM,55,Monday
9/19/2022,9:00 PM,6,Monday
9/20/2022,10:00 PM,113,Monday
9/20/2022,6:00 AM,194,Tuesday
9/20/2022,7:00 AM,195,Tuesday
9/20/2022,8:00 AM,252,Tuesday
9/20/2022,9:00 AM,257,Tuesday
9/20/2022,10:00 AM,278,Tuesday
9/20/2022,11:00 AM,202,Tuesday
9/20/2022,12:00 PM,241,Tuesday
9/20/2022,1:00 PM,205,Tuesday
9/20/2022,2:00 PM,250,Tuesday
9/20/2022,3:00 PM,290,Tuesday
9/20/2022,4:00 PM,233,Tuesday
9/20/2022,5:00 PM,232,Tuesday
9/20/2022,6:00 PM,212,Tuesday
9/20/2022,7:00 PM,198,Tuesday
9/20/2022,8:00 PM,86,Tuesday
9/20/2022,9:00 PM,10,Tuesday
9/21/2022,10:00 PM,82,Tuesday
9/21/2022,6:00 AM,131,Wednesday
9/21/2022,7:00 AM,183,Wednesday
9/21/2022,8:00 AM,198,Wednesday
9/21/2022,9:00 AM,217,Wednesday
9/21/2022,10:00 AM,229,Wednesday
9/21/2022,11:00 AM,296,Wednesday
9/21/2022,12:00 PM,75,Wednesday
9/21/2022,1:00 PM,108,Wednesday
9/21/2022,2:00 PM,64,Wednesday
9/21/2022,3:00 PM,215,Wednesday
9/21/2022,4:00 PM,255,Wednesday
9/21/2022,5:00 PM,221,Wednesday
9/21/2022,6:00 PM,193,Wednesday
9/21/2022,7:00 PM,193,Wednesday
9/21/2022,8:00 PM,81,Wednesday
9/21/2022,9:00 PM,11,Wednesday
9/22/2022,10:00 PM,0,Wednesday
9/22/2022,6:00 AM,0,Thursday
9/22/2022,7:00 AM,11,Thursday
9/22/2022,8:00 AM,248,Thursday
9/22/2022,9:00 AM,214,Thursday
9/22/2022,10:00 AM,220,Thursday
9/22/2022,11:00 AM,198,Thursday
9/22/2022,12:00 PM,172,Thursday
9/22/2022,1:00 PM,249,Thursday
9/22/2022,2:00 PM,290,Thursday
9/22/2022,3:00 PM,266,Thursday
9/22/2022,4:00 PM,203,Thursday
9/22/2022,5:00 PM,156,Thursday
9/22/2022,6:00 PM,141,Thursday
9/22/2022,7:00 PM,34,Thursday
9/22/2022,8:00 PM,0,Thursday
9/22/2022,9:00 PM,0,Thursday
9/23/2022,10:00 PM,98,Thursday
9/23/2022,6:00 AM,129,Friday
9/23/2022,7:00 AM,151,Friday
9/23/2022,8:00 AM,234,Friday
9/23/2022,9:00 AM,225,Friday
9/23/2022,10:00 AM,256,Friday
9/23/2022,11:00 AM,236,Friday
9/23/2022,12:00 PM,239,Friday
9/23/2022,1:00 PM,311,Friday
9/23/2022,2:00 PM,381,Friday
9/23/2022,3:00 PM,332,Friday
9/23/2022,4:00 PM,297,Friday
9/23/2022,5:00 PM,173,Friday
9/23/2022,6:00 PM,132,Friday
9/23/2022,7:00 PM,60,Friday
9/23/2022,8:00 PM,0,Friday
9/23/2022,9:00 PM,0,Friday
9/24/2022,10:00 PM,0,Friday
9/24/2022,6:00 AM,0,Saturday
9/24/2022,7:00 AM,0,Saturday
9/24/2022,8:00 AM,101,Saturday
9/24/2022,9:00 AM,96,Saturday
9/24/2022,10:00 AM,99,Saturday
9/24/2022,11:00 AM,99,Saturday
9/24/2022,12:00 PM,98,Saturday
9/24/2022,1:00 PM,97,Saturday
9/24/2022,2:00 PM,120,Saturday
9/24/2022,3:00 PM,140,Saturday
9/24/2022,4:00 PM,114,Saturday
9/24/2022,5:00 PM,134,Saturday
9/24/2022,6:00 PM,157,Saturday
9/24/2022,7:00 PM,119,Saturday
9/24/2022,8:00 PM,24,Saturday
9/24/2022,9:00 PM,0,Saturday
9/25/2022,10:00 PM,0,Saturday
9/25/2022,6:00 AM,0,Sunday
9/25/2022,7:00 AM,0,Sunday
9/25/2022,8:00 AM,215,Sunday
9/25/2022,9:00 AM,167,Sunday
9/25/2022,10:00 AM,128,Sunday
9/25/2022,11:00 AM,157,Sunday
9/25/2022,12:00 PM,148,Sunday
9/25/2022,1:00 PM,209,Sunday
9/25/2022,2:00 PM,232,Sunday
9/25/2022,3:00 PM,210,Sunday
9/25/2022,4:00 PM,274,Sunday
9/25/2022,5:00 PM,220,Sunday
9/25/2022,6:00 PM,146,Sunday
9/25/2022,7:00 PM,145,Sunday
9/25/2022,8:00 PM,51,Sunday
9/25/2022,9:00 PM,0,Sunday
9/26/2022,10:00 PM,195,Sunday
9/26/2022,6:00 AM,205,Monday
9/26/2022,7:00 AM,218,Monday
9/26/2022,8:00 AM,246,Monday
9/26/2022,9:00 AM,234,Monday
9/26/2022,10:00 AM,196,Monday
9/26/2022,11:00 AM,215,Monday
9/26/2022,12:00 PM,194,Monday
9/26/2022,1:00 PM,226,Monday
9/26/2022,2:00 PM,302,Monday
9/26/2022,3:00 PM,344,Monday
9/26/2022,4:00 PM,467,Monday
9/26/2022,5:00 PM,347,Monday
9/26/2022,6:00 PM,335,Monday
9/26/2022,7:00 PM,362,Monday
9/26/2022,8:00 PM,152,Monday
9/26/2022,9:00 PM,10,Monday
9/27/2022,10:00 PM,166,Monday
9/27/2022,6:00 AM,194,Tuesday
9/27/2022,7:00 AM,192,Tuesday
9/27/2022,8:00 AM,316,Tuesday
9/27/2022,9:00 AM,267,Tuesday
9/27/2022,10:00 AM,210,Tuesday
9/27/2022,11:00 AM,138,Tuesday
9/27/2022,12:00 PM,146,Tuesday
9/27/2022,1:00 PM,250,Tuesday
9/27/2022,2:00 PM,309,Tuesday
9/27/2022,3:00 PM,297,Tuesday
9/27/2022,4:00 PM,306,Tuesday
9/27/2022,5:00 PM,107,Tuesday
9/27/2022,6:00 PM,309,Tuesday
9/27/2022,7:00 PM,254,Tuesday
9/27/2022,8:00 PM,131,Tuesday
9/27/2022,9:00 PM,14,Tuesday
9/28/2022,10:00 PM,199,Tuesday
9/28/2022,6:00 AM,176,Wednesday
9/28/2022,7:00 AM,157,Wednesday
9/28/2022,8:00 AM,277,Wednesday
9/28/2022,9:00 AM,219,Wednesday
9/28/2022,10:00 AM,164,Wednesday
9/28/2022,11:00 AM,226,Wednesday
9/28/2022,12:00 PM,212,Wednesday
9/28/2022,1:00 PM,207,Wednesday
9/28/2022,2:00 PM,286,Wednesday
9/28/2022,3:00 PM,284,Wednesday
9/28/2022,4:00 PM,298,Wednesday
9/28/2022,5:00 PM,331,Wednesday
9/28/2022,6:00 PM,247,Wednesday
9/28/2022,7:00 PM,298,Wednesday
9/28/2022,8:00 PM,128,Wednesday
9/28/2022,9:00 PM,22,Wednesday
9/29/2022,10:00 PM,150,Wednesday
9/29/2022,6:00 AM,138,Thursday
9/29/2022,7:00 AM,156,Thursday
9/29/2022,8:00 AM,257,Thursday
9/29/2022,9:00 AM,239,Thursday
9/29/2022,10:00 AM,197,Thursday
9/29/2022,11:00 AM,194,Thursday
9/29/2022,12:00 PM,183,Thursday
9/29/2022,1:00 PM,200,Thursday
9/29/2022,2:00 PM,266,Thursday
9/29/2022,3:00 PM,220,Thursday
9/29/2022,4:00 PM,356,Thursday
9/29/2022,5:00 PM,267,Thursday
9/29/2022,6:00 PM,230,Thursday
9/29/2022,7:00 PM,195,Thursday
9/29/2022,8:00 PM,148,Thursday
9/29/2022,9:00 PM,17,Thursday
9/30/2022,10:00 PM,139,Thursday
9/30/2022,6:00 AM,93,Friday
9/30/2022,7:00 AM,150,Friday
9/30/2022,8:00 AM,185,Friday
9/30/2022,9:00 AM,182,Friday
9/30/2022,10:00 AM,159,Friday
9/30/2022,11:00 AM,192,Friday
9/30/2022,12:00 PM,194,Friday
9/30/2022,1:00 PM,218,Friday
9/30/2022,2:00 PM,263,Friday
9/30/2022,3:00 PM,266,Friday
9/30/2022,4:00 PM,262,Friday
9/30/2022,5:00 PM,169,Friday
9/30/2022,6:00 PM,166,Friday
9/30/2022,7:00 PM,48,Friday
9/30/2022,8:00 PM,0,Friday
9/30/2022,9:00 PM,0,Friday
10/1/2022,10:00 PM,0,Friday
10/1/2022,6:00 AM,0,Saturday
10/1/2022,7:00 AM,0,Saturday
10/1/2022,8:00 AM,178,Saturday
10/1/2022,9:00 AM,148,Saturday
10/1/2022,10:00 AM,152,Saturday
10/1/2022,11:00 AM,146,Saturday
10/1/2022,12:00 PM,127,Saturday
10/1/2022,1:00 PM,191,Saturday
10/1/2022,2:00 PM,183,Saturday
10/1/2022,3:00 PM,183,Saturday
10/1/2022,4:00 PM,215,Saturday
10/1/2022,5:00 PM,170,Saturday
10/1/2022,6:00 PM,173,Saturday
10/1/2022,7:00 PM,57,Saturday
10/1/2022,8:00 PM,0,Saturday
10/1/2022,9:00 PM,0,Saturday
10/2/2022,10:00 PM,0,Saturday
10/2/2022,6:00 AM,0,Sunday
10/2/2022,7:00 AM,13,Sunday
10/2/2022,8:00 AM,166,Sunday
10/2/2022,9:00 AM,151,Sunday
10/2/2022,10:00 AM,134,Sunday
10/2/2022,11:00 AM,104,Sunday
10/2/2022,12:00 PM,118,Sunday
10/2/2022,1:00 PM,137,Sunday
10/2/2022,2:00 PM,188,Sunday
10/2/2022,3:00 PM,171,Sunday
10/2/2022,4:00 PM,188,Sunday
10/2/2022,5:00 PM,213,Sunday
10/2/2022,6:00 PM,160,Sunday
10/2/2022,7:00 PM,113,Sunday
10/2/2022,8:00 PM,37,Sunday
10/2/2022,9:00 PM,0,Sunday
10/3/2022,10:00 PM,184,Sunday
10/3/2022,6:00 AM,162,Monday
10/3/2022,7:00 AM,160,Monday
10/3/2022,8:00 AM,187,Monday
10/3/2022,9:00 AM,212,Monday
10/3/2022,10:00 AM,206,Monday
10/3/2022,11:00 AM,222,Monday
10/3/2022,12:00 PM,173,Monday
10/3/2022,1:00 PM,182,Monday
10/3/2022,2:00 PM,250,Monday
10/3/2022,3:00 PM,289,Monday
10/3/2022,4:00 PM,381,Monday
10/3/2022,5:00 PM,357,Monday
10/3/2022,6:00 PM,254,Monday
10/3/2022,7:00 PM,263,Monday
10/3/2022,8:00 PM,139,Monday
10/3/2022,9:00 PM,14,Monday
10/4/2022,10:00 PM,166,Monday
10/4/2022,6:00 AM,143,Tuesday
10/4/2022,7:00 AM,181,Tuesday
10/4/2022,8:00 AM,263,Tuesday
10/4/2022,9:00 AM,237,Tuesday
10/4/2022,10:00 AM,155,Tuesday
10/4/2022,11:00 AM,228,Tuesday
10/4/2022,12:00 PM,160,Tuesday
10/4/2022,1:00 PM,181,Tuesday
10/4/2022,2:00 PM,274,Tuesday
10/4/2022,3:00 PM,304,Tuesday
10/4/2022,4:00 PM,339,Tuesday
10/4/2022,5:00 PM,311,Tuesday
10/4/2022,6:00 PM,287,Tuesday
10/4/2022,7:00 PM,301,Tuesday
10/4/2022,8:00 PM,162,Tuesday
10/4/2022,9:00 PM,22,Tuesday
10/5/2022,10:00 PM,178,Tuesday
10/5/2022,6:00 AM,169,Wednesday
10/5/2022,7:00 AM,125,Wednesday
10/5/2022,8:00 AM,205,Wednesday
10/5/2022,9:00 AM,213,Wednesday
10/5/2022,10:00 AM,168,Wednesday
10/5/2022,11:00 AM,176,Wednesday
10/5/2022,12:00 PM,175,Wednesday
10/5/2022,1:00 PM,220,Wednesday
10/5/2022,2:00 PM,224,Wednesday
10/5/2022,3:00 PM,287,Wednesday
10/5/2022,4:00 PM,333,Wednesday
10/5/2022,5:00 PM,285,Wednesday
10/5/2022,6:00 PM,201,Wednesday
10/5/2022,7:00 PM,234,Wednesday
10/5/2022,8:00 PM,152,Wednesday
10/5/2022,9:00 PM,22,Wednesday
10/6/2022,10:00 PM,115,Wednesday
10/6/2022,6:00 AM,116,Thursday
10/6/2022,7:00 AM,116,Thursday
10/6/2022,8:00 AM,192,Thursday
10/6/2022,9:00 AM,198,Thursday
10/6/2022,10:00 AM,137,Thursday
10/6/2022,11:00 AM,183,Thursday
10/6/2022,12:00 PM,177,Thursday
10/6/2022,1:00 PM,225,Thursday
10/6/2022,2:00 PM,305,Thursday
10/6/2022,3:00 PM,238,Thursday
10/6/2022,4:00 PM,308,Thursday
10/6/2022,5:00 PM,227,Thursday
10/6/2022,6:00 PM,189,Thursday
10/6/2022,7:00 PM,177,Thursday
10/6/2022,8:00 PM,103,Thursday
10/6/2022,9:00 PM,13,Thursday
10/7/2022,10:00 PM,140,Thursday
10/7/2022,6:00 AM,122,Friday
10/7/2022,7:00 AM,115,Friday
10/7/2022,8:00 AM,143,Friday
10/7/2022,9:00 AM,151,Friday
10/7/2022,10:00 AM,175,Friday
10/7/2022,11:00 AM,175,Friday
10/7/2022,12:00 PM,158,Friday
10/7/2022,1:00 PM,211,Friday
10/7/2022,2:00 PM,238,Friday
10/7/2022,3:00 PM,252,Friday
10/7/2022,4:00 PM,270,Friday
10/7/2022,5:00 PM,211,Friday
10/7/2022,6:00 PM,153,Friday
10/7/2022,7:00 PM,55,Friday
10/7/2022,8:00 PM,0,Friday
10/7/2022,9:00 PM,0,Friday
10/8/2022,10:00 PM,0,Friday
10/8/2022,6:00 AM,0,Saturday
10/8/2022,7:00 AM,1,Saturday
10/8/2022,8:00 AM,173,Saturday
10/8/2022,9:00 AM,146,Saturday
10/8/2022,10:00 AM,119,Saturday
10/8/2022,11:00 AM,144,Saturday
10/8/2022,12:00 PM,148,Saturday
10/8/2022,1:00 PM,157,Saturday
10/8/2022,2:00 PM,206,Saturday
10/8/2022,3:00 PM,186,Saturday
10/8/2022,4:00 PM,169,Saturday
10/8/2022,5:00 PM,180,Saturday
10/8/2022,6:00 PM,137,Saturday
10/8/2022,7:00 PM,52,Saturday
10/8/2022,8:00 PM,0,Saturday
10/8/2022,9:00 PM,0,Saturday
10/9/2022,10:00 PM,0,Saturday
10/9/2022,6:00 AM,0,Sunday
10/9/2022,7:00 AM,0,Sunday
10/9/2022,8:00 AM,141,Sunday
10/9/2022,9:00 AM,117,Sunday
10/9/2022,10:00 AM,126,Sunday
10/9/2022,11:00 AM,123,Sunday
10/9/2022,12:00 PM,139,Sunday
10/9/2022,1:00 PM,162,Sunday
10/9/2022,2:00 PM,169,Sunday
10/9/2022,3:00 PM,193,Sunday
10/9/2022,4:00 PM,206,Sunday
10/9/2022,5:00 PM,230,Sunday
10/9/2022,6:00 PM,176,Sunday
10/9/2022,7:00 PM,131,Sunday
10/9/2022,8:00 PM,36,Sunday
10/9/2022,9:00 PM,0,Sunday
10/10/2022,10:00 PM,179,Sunday
10/10/2022,6:00 AM,162,Monday
10/10/2022,7:00 AM,148,Monday
10/10/2022,8:00 AM,206,Monday
10/10/2022,9:00 AM,175,Monday
10/10/2022,10:00 AM,150,Monday
10/10/2022,11:00 AM,182,Monday
10/10/2022,12:00 PM,163,Monday
10/10/2022,1:00 PM,198,Monday
10/10/2022,2:00 PM,241,Monday
10/10/2022,3:00 PM,253,Monday
10/10/2022,4:00 PM,339,Monday
10/10/2022,5:00 PM,316,Monday
10/10/2022,6:00 PM,259,Monday
10/10/2022,7:00 PM,325,Monday
10/10/2022,8:00 PM,145,Monday
10/10/2022,9:00 PM,28,Monday
10/11/2022,10:00 PM,159,Monday
10/11/2022,6:00 AM,131,Tuesday
10/11/2022,7:00 AM,129,Tuesday
10/11/2022,8:00 AM,236,Tuesday
10/11/2022,9:00 AM,229,Tuesday
10/11/2022,10:00 AM,186,Tuesday
10/11/2022,11:00 AM,227,Tuesday
10/11/2022,12:00 PM,168,Tuesday
10/11/2022,1:00 PM,192,Tuesday
10/11/2022,2:00 PM,249,Tuesday
10/11/2022,3:00 PM,245,Tuesday
10/11/2022,4:00 PM,317,Tuesday
10/11/2022,5:00 PM,287,Tuesday
10/11/2022,6:00 PM,261,Tuesday
10/11/2022,7:00 PM,158,Tuesday
10/11/2022,8:00 PM,140,Tuesday
10/11/2022,9:00 PM,24,Tuesday
10/12/2022,10:00 PM,170,Tuesday
10/12/2022,6:00 AM,150,Wednesday
10/12/2022,7:00 AM,114,Wednesday
10/12/2022,8:00 AM,201,Wednesday
10/12/2022,9:00 AM,168,Wednesday
10/12/2022,10:00 AM,190,Wednesday
10/12/2022,11:00 AM,175,Wednesday
10/12/2022,12:00 PM,151,Wednesday
10/12/2022,1:00 PM,185,Wednesday
10/12/2022,2:00 PM,198,Wednesday
10/12/2022,3:00 PM,211,Wednesday
10/12/2022,4:00 PM,272,Wednesday
10/12/2022,5:00 PM,255,Wednesday
10/12/2022,6:00 PM,160,Wednesday
10/12/2022,7:00 PM,178,Wednesday
10/12/2022,8:00 PM,123,Wednesday
10/12/2022,9:00 PM,18,Wednesday
10/13/2022,10:00 PM,113,Wednesday
10/13/2022,6:00 AM,89,Thursday
10/13/2022,7:00 AM,120,Thursday
10/13/2022,8:00 AM,192,Thursday
10/13/2022,9:00 AM,182,Thursday
10/13/2022,10:00 AM,137,Thursday
10/13/2022,11:00 AM,150,Thursday
10/13/2022,12:00 PM,156,Thursday
10/13/2022,1:00 PM,170,Thursday
10/13/2022,2:00 PM,241,Thursday
10/13/2022,3:00 PM,189,Thursday
10/13/2022,4:00 PM,323,Thursday
10/13/2022,5:00 PM,241,Thursday
10/13/2022,6:00 PM,176,Thursday
10/13/2022,7:00 PM,232,Thursday
10/13/2022,8:00 PM,111,Thursday
10/13/2022,9:00 PM,17,Thursday
10/14/2022,10:00 PM,111,Thursday
10/14/2022,6:00 AM,88,Friday
10/14/2022,7:00 AM,105,Friday
10/14/2022,8:00 AM,125,Friday
10/14/2022,9:00 AM,110,Friday
10/14/2022,10:00 AM,160,Friday
10/14/2022,11:00 AM,151,Friday
10/14/2022,12:00 PM,182,Friday
10/14/2022,1:00 PM,214,Friday
10/14/2022,2:00 PM,231,Friday
10/14/2022,3:00 PM,244,Friday
10/14/2022,4:00 PM,245,Friday
10/14/2022,5:00 PM,190,Friday
10/14/2022,6:00 PM,180,Friday
10/14/2022,7:00 PM,59,Friday
10/14/2022,8:00 PM,2,Friday
10/14/2022,9:00 PM,0,Friday
10/15/2022,10:00 PM,0,Friday
10/15/2022,6:00 AM,0,Saturday
10/15/2022,7:00 AM,0,Saturday
10/15/2022,8:00 AM,173,Saturday
10/15/2022,9:00 AM,142,Saturday
10/15/2022,10:00 AM,133,Saturday
10/15/2022,11:00 AM,156,Saturday
10/15/2022,12:00 PM,155,Saturday
10/15/2022,1:00 PM,143,Saturday
10/15/2022,2:00 PM,179,Saturday
10/15/2022,3:00 PM,138,Saturday
10/15/2022,4:00 PM,153,Saturday
10/15/2022,5:00 PM,155,Saturday
10/15/2022,6:00 PM,157,Saturday
10/15/2022,7:00 PM,41,Saturday
10/15/2022,8:00 PM,0,Saturday
10/15/2022,9:00 PM,0,Saturday
10/16/2022,10:00 PM,0,Saturday
10/16/2022,6:00 AM,0,Sunday
10/16/2022,7:00 AM,0,Sunday
10/16/2022,8:00 AM,158,Sunday
10/16/2022,9:00 AM,107,Sunday
10/16/2022,10:00 AM,108,Sunday
10/16/2022,11:00 AM,92,Sunday
10/16/2022,12:00 PM,125,Sunday
10/16/2022,1:00 PM,189,Sunday
10/16/2022,2:00 PM,116,Sunday
10/16/2022,3:00 PM,158,Sunday
10/16/2022,4:00 PM,169,Sunday
10/16/2022,5:00 PM,163,Sunday
10/16/2022,6:00 PM,140,Sunday
10/16/2022,7:00 PM,130,Sunday
10/16/2022,8:00 PM,39,Sunday
10/16/2022,9:00 PM,0,Sunday
10/17/2022,10:00 PM,145,Sunday
10/17/2022,6:00 AM,117,Monday
10/17/2022,7:00 AM,130,Monday
10/17/2022,8:00 AM,166,Monday
10/17/2022,9:00 AM,166,Monday
10/17/2022,10:00 AM,157,Monday
10/17/2022,11:00 AM,156,Monday
10/17/2022,12:00 PM,165,Monday
10/17/2022,1:00 PM,209,Monday
10/17/2022,2:00 PM,208,Monday
10/17/2022,3:00 PM,254,Monday
10/17/2022,4:00 PM,371,Monday
10/17/2022,5:00 PM,325,Monday
10/17/2022,6:00 PM,282,Monday
10/17/2022,7:00 PM,219,Monday
10/17/2022,8:00 PM,137,Monday
10/17/2022,9:00 PM,21,Monday
10/18/2022,10:00 PM,139,Monday
10/18/2022,6:00 AM,130,Tuesday
10/18/2022,7:00 AM,140,Tuesday
10/18/2022,8:00 AM,200,Tuesday
10/18/2022,9:00 AM,168,Tuesday
10/18/2022,10:00 AM,174,Tuesday
10/18/2022,11:00 AM,173,Tuesday
10/18/2022,12:00 PM,159,Tuesday
10/18/2022,1:00 PM,187,Tuesday
10/18/2022,2:00 PM,221,Tuesday
10/18/2022,3:00 PM,237,Tuesday
10/18/2022,4:00 PM,290,Tuesday
10/18/2022,5:00 PM,285,Tuesday
10/18/2022,6:00 PM,233,Tuesday
10/18/2022,7:00 PM,195,Tuesday
10/18/2022,8:00 PM,112,Tuesday
10/18/2022,9:00 PM,16,Tuesday
10/19/2022,10:00 PM,138,Tuesday
10/19/2022,6:00 AM,119,Wednesday
10/19/2022,7:00 AM,132,Wednesday
10/19/2022,8:00 AM,188,Wednesday
10/19/2022,9:00 AM,177,Wednesday
10/19/2022,10:00 AM,144,Wednesday
10/19/2022,11:00 AM,180,Wednesday
10/19/2022,12:00 PM,152,Wednesday
10/19/2022,1:00 PM,161,Wednesday
10/19/2022,2:00 PM,217,Wednesday
10/19/2022,3:00 PM,212,Wednesday
10/19/2022,4:00 PM,265,Wednesday
10/19/2022,5:00 PM,282,Wednesday
10/19/2022,6:00 PM,232,Wednesday
10/19/2022,7:00 PM,213,Wednesday
10/19/2022,8:00 PM,129,Wednesday
10/19/2022,9:00 PM,28,Wednesday
10/20/2022,10:00 PM,98,Wednesday
10/20/2022,6:00 AM,92,Thursday
10/20/2022,7:00 AM,120,Thursday
10/20/2022,8:00 AM,174,Thursday
10/20/2022,9:00 AM,185,Thursday
10/20/2022,10:00 AM,163,Thursday
10/20/2022,11:00 AM,190,Thursday
10/20/2022,12:00 PM,183,Thursday
10/20/2022,1:00 PM,198,Thursday
10/20/2022,2:00 PM,248,Thursday
10/20/2022,3:00 PM,235,Thursday
10/20/2022,4:00 PM,277,Thursday
10/20/2022,5:00 PM,221,Thursday
10/20/2022,6:00 PM,204,Thursday
10/20/2022,7:00 PM,156,Thursday
10/20/2022,8:00 PM,119,Thursday
10/20/2022,9:00 PM,19,Thursday
10/21/2022,10:00 PM,114,Thursday
10/21/2022,6:00 AM,78,Friday
10/21/2022,7:00 AM,112,Friday
10/21/2022,8:00 AM,133,Friday
10/21/2022,9:00 AM,118,Friday
10/21/2022,10:00 AM,136,Friday
10/21/2022,11:00 AM,172,Friday
10/21/2022,12:00 PM,180,Friday
10/21/2022,1:00 PM,255,Friday
10/21/2022,2:00 PM,208,Friday
10/21/2022,3:00 PM,221,Friday
10/21/2022,4:00 PM,233,Friday
10/21/2022,5:00 PM,161,Friday
10/21/2022,6:00 PM,151,Friday
10/21/2022,7:00 PM,56,Friday
10/21/2022,8:00 PM,0,Friday
10/21/2022,9:00 PM,0,Friday
10/22/2022,10:00 PM,0,Friday
10/22/2022,6:00 AM,0,Saturday
10/22/2022,7:00 AM,0,Saturday
10/22/2022,8:00 AM,150,Saturday
10/22/2022,9:00 AM,135,Saturday
10/22/2022,10:00 AM,99,Saturday
10/22/2022,11:00 AM,131,Saturday
10/22/2022,12:00 PM,188,Saturday
10/22/2022,1:00 PM,173,Saturday
10/22/2022,2:00 PM,169,Saturday
10/22/2022,3:00 PM,172,Saturday
10/22/2022,4:00 PM,134,Saturday
10/22/2022,5:00 PM,128,Saturday
10/22/2022,6:00 PM,99,Saturday
10/22/2022,7:00 PM,34,Saturday
10/22/2022,8:00 PM,0,Saturday
10/22/2022,9:00 PM,0,Saturday
10/23/2022,10:00 PM,0,Saturday
10/23/2022,6:00 AM,0,Sunday
10/23/2022,7:00 AM,0,Sunday
10/23/2022,8:00 AM,135,Sunday
10/23/2022,9:00 AM,93,Sunday
10/23/2022,10:00 AM,79,Sunday
10/23/2022,11:00 AM,117,Sunday
10/23/2022,12:00 PM,119,Sunday
10/23/2022,1:00 PM,164,Sunday
10/23/2022,2:00 PM,119,Sunday
10/23/2022,3:00 PM,160,Sunday
10/23/2022,4:00 PM,149,Sunday
10/23/2022,5:00 PM,187,Sunday
10/23/2022,6:00 PM,115,Sunday
10/23/2022,7:00 PM,124,Sunday
10/23/2022,8:00 PM,32,Sunday
10/23/2022,9:00 PM,0,Sunday
10/24/2022,10:00 PM,111,Sunday
10/24/2022,6:00 AM,108,Monday
10/24/2022,7:00 AM,120,Monday
10/24/2022,8:00 AM,158,Monday
10/24/2022,9:00 AM,168,Monday
10/24/2022,10:00 AM,160,Monday
10/24/2022,11:00 AM,152,Monday
10/24/2022,12:00 PM,154,Monday
10/24/2022,1:00 PM,189,Monday
10/24/2022,2:00 PM,257,Monday
10/24/2022,3:00 PM,209,Monday
10/24/2022,4:00 PM,299,Monday
10/24/2022,5:00 PM,294,Monday
10/24/2022,6:00 PM,257,Monday
10/24/2022,7:00 PM,234,Monday
10/24/2022,8:00 PM,146,Monday
10/24/2022,9:00 PM,22,Monday
10/25/2022,10:00 PM,106,Monday
10/25/2022,6:00 AM,134,Tuesday
10/25/2022,7:00 AM,125,Tuesday
10/25/2022,8:00 AM,191,Tuesday
10/25/2022,9:00 AM,168,Tuesday
10/25/2022,10:00 AM,149,Tuesday
10/25/2022,11:00 AM,198,Tuesday
10/25/2022,12:00 PM,182,Tuesday
10/25/2022,1:00 PM,168,Tuesday
10/25/2022,2:00 PM,247,Tuesday
10/25/2022,3:00 PM,238,Tuesday
10/25/2022,4:00 PM,292,Tuesday
10/25/2022,5:00 PM,291,Tuesday
10/25/2022,6:00 PM,256,Tuesday
10/25/2022,7:00 PM,227,Tuesday
10/25/2022,8:00 PM,126,Tuesday
10/25/2022,9:00 PM,26,Tuesday
10/26/2022,10:00 PM,123,Tuesday
10/26/2022,6:00 AM,126,Wednesday
10/26/2022,7:00 AM,117,Wednesday
10/26/2022,8:00 AM,210,Wednesday
10/26/2022,9:00 AM,157,Wednesday
10/26/2022,10:00 AM,146,Wednesday
10/26/2022,11:00 AM,142,Wednesday
10/26/2022,12:00 PM,154,Wednesday
10/26/2022,1:00 PM,181,Wednesday
10/26/2022,2:00 PM,200,Wednesday
10/26/2022,3:00 PM,265,Wednesday
10/26/2022,4:00 PM,272,Wednesday
10/26/2022,5:00 PM,292,Wednesday
10/26/2022,6:00 PM,217,Wednesday
10/26/2022,7:00 PM,209,Wednesday
10/26/2022,8:00 PM,129,Wednesday
10/26/2022,9:00 PM,21,Wednesday
10/27/2022,10:00 PM,90,Wednesday
10/27/2022,6:00 AM,80,Thursday
10/27/2022,7:00 AM,123,Thursday
10/27/2022,8:00 AM,137,Thursday
10/27/2022,9:00 AM,160,Thursday
10/27/2022,10:00 AM,152,Thursday
10/27/2022,11:00 AM,175,Thursday
10/27/2022,12:00 PM,159,Thursday
10/27/2022,1:00 PM,210,Thursday
10/27/2022,2:00 PM,253,Thursday
10/27/2022,3:00 PM,199,Thursday
10/27/2022,4:00 PM,275,Thursday
10/27/2022,5:00 PM,256,Thursday
10/27/2022,6:00 PM,212,Thursday
10/27/2022,7:00 PM,169,Thursday
10/27/2022,8:00 PM,128,Thursday
10/27/2022,9:00 PM,19,Thursday
10/28/2022,10:00 PM,106,Thursday
10/28/2022,6:00 AM,78,Friday
10/28/2022,7:00 AM,117,Friday
10/28/2022,8:00 AM,137,Friday
10/28/2022,9:00 AM,123,Friday
10/28/2022,10:00 AM,139,Friday
10/28/2022,11:00 AM,124,Friday
10/28/2022,12:00 PM,148,Friday
10/28/2022,1:00 PM,194,Friday
10/28/2022,2:00 PM,198,Friday
10/28/2022,3:00 PM,215,Friday
10/28/2022,4:00 PM,216,Friday
10/28/2022,5:00 PM,180,Friday
10/28/2022,6:00 PM,133,Friday
10/28/2022,7:00 PM,53,Friday
10/28/2022,8:00 PM,0,Friday
10/28/2022,9:00 PM,0,Friday
10/29/2022,10:00 PM,0,Friday
10/29/2022,6:00 AM,0,Saturday
10/29/2022,7:00 AM,1,Saturday
10/29/2022,8:00 AM,140,Saturday
10/29/2022,9:00 AM,146,Saturday
10/29/2022,10:00 AM,105,Saturday
10/29/2022,11:00 AM,124,Saturday
10/29/2022,12:00 PM,108,Saturday
10/29/2022,1:00 PM,156,Saturday
10/29/2022,2:00 PM,132,Saturday
10/29/2022,3:00 PM,153,Saturday
10/29/2022,4:00 PM,123,Saturday
10/29/2022,5:00 PM,96,Saturday
10/29/2022,6:00 PM,129,Saturday
10/29/2022,7:00 PM,33,Saturday
10/29/2022,8:00 PM,0,Saturday
10/29/2022,9:00 PM,0,Saturday
10/30/2022,10:00 PM,0,Saturday
10/30/2022,6:00 AM,0,Sunday
10/30/2022,7:00 AM,0,Sunday
10/30/2022,8:00 AM,101,Sunday
10/30/2022,9:00 AM,96,Sunday
10/30/2022,10:00 AM,99,Sunday
10/30/2022,11:00 AM,99,Sunday
10/30/2022,12:00 PM,98,Sunday
10/30/2022,1:00 PM,97,Sunday
10/30/2022,2:00 PM,120,Sunday
10/30/2022,3:00 PM,140,Sunday
10/30/2022,4:00 PM,114,Sunday
10/30/2022,5:00 PM,134,Sunday
10/30/2022,6:00 PM,157,Sunday
10/30/2022,7:00 PM,119,Sunday
10/30/2022,8:00 PM,24,Sunday
10/30/2022,9:00 PM,0,Sunday
10/31/2022,10:00 PM,101,Sunday
10/31/2022,6:00 AM,95,Monday
10/31/2022,7:00 AM,92,Monday
10/31/2022,8:00 AM,137,Monday
10/31/2022,9:00 AM,180,Monday
10/31/2022,10:00 AM,166,Monday
10/31/2022,11:00 AM,139,Monday
10/31/2022,12:00 PM,138,Monday
10/31/2022,1:00 PM,194,Monday
10/31/2022,2:00 PM,191,Monday
10/31/2022,3:00 PM,212,Monday
10/31/2022,4:00 PM,280,Monday
10/31/2022,5:00 PM,262,Monday
10/31/2022,6:00 PM,197,Monday
10/31/2022,7:00 PM,238,Monday
10/31/2022,8:00 PM,119,Monday
10/31/2022,9:00 PM,20,Monday
11/1/2022,10:00 PM,94,Monday
11/1/2022,6:00 AM,95,Tuesday
11/1/2022,7:00 AM,120,Tuesday
11/1/2022,8:00 AM,172,Tuesday
11/1/2022,9:00 AM,185,Tuesday
11/1/2022,10:00 AM,155,Tuesday
11/1/2022,11:00 AM,195,Tuesday
11/1/2022,12:00 PM,161,Tuesday
11/1/2022,1:00 PM,165,Tuesday
11/1/2022,2:00 PM,230,Tuesday
11/1/2022,3:00 PM,269,Tuesday
11/1/2022,4:00 PM,272,Tuesday
11/1/2022,5:00 PM,275,Tuesday
11/1/2022,6:00 PM,225,Tuesday
11/1/2022,7:00 PM,218,Tuesday
11/1/2022,8:00 PM,102,Tuesday
11/1/2022,9:00 PM,24,Tuesday
11/2/2022,10:00 PM,133,Tuesday
11/2/2022,6:00 AM,111,Wednesday
11/2/2022,7:00 AM,108,Wednesday
11/2/2022,8:00 AM,181,Wednesday
11/2/2022,9:00 AM,194,Wednesday
11/2/2022,10:00 AM,177,Wednesday
11/2/2022,11:00 AM,129,Wednesday
11/2/2022,12:00 PM,141,Wednesday
11/2/2022,1:00 PM,160,Wednesday
11/2/2022,2:00 PM,217,Wednesday
11/2/2022,3:00 PM,267,Wednesday
11/2/2022,4:00 PM,349,Wednesday
11/2/2022,5:00 PM,330,Wednesday
11/2/2022,6:00 PM,220,Wednesday
11/2/2022,7:00 PM,222,Wednesday
11/2/2022,8:00 PM,107,Wednesday
11/2/2022,9:00 PM,32,Wednesday
11/3/2022,10:00 PM,93,Wednesday
11/3/2022,6:00 AM,94,Thursday
11/3/2022,7:00 AM,132,Thursday
11/3/2022,8:00 AM,192,Thursday
11/3/2022,9:00 AM,175,Thursday
11/3/2022,10:00 AM,145,Thursday
11/3/2022,11:00 AM,166,Thursday
11/3/2022,12:00 PM,156,Thursday
11/3/2022,1:00 PM,206,Thursday
11/3/2022,2:00 PM,240,Thursday
11/3/2022,3:00 PM,247,Thursday
11/3/2022,4:00 PM,266,Thursday
11/3/2022,5:00 PM,258,Thursday
11/3/2022,6:00 PM,201,Thursday
11/3/2022,7:00 PM,155,Thursday
11/3/2022,8:00 PM,141,Thursday
11/3/2022,9:00 PM,22,Thursday
11/4/2022,10:00 PM,107,Thursday
11/4/2022,6:00 AM,62,Friday
11/4/2022,7:00 AM,101,Friday
11/4/2022,8:00 AM,116,Friday
11/4/2022,9:00 AM,165,Friday
11/4/2022,10:00 AM,176,Friday
11/4/2022,11:00 AM,151,Friday
11/4/2022,12:00 PM,189,Friday
11/4/2022,1:00 PM,230,Friday
11/4/2022,2:00 PM,220,Friday
11/4/2022,3:00 PM,254,Friday
11/4/2022,4:00 PM,202,Friday
11/4/2022,5:00 PM,238,Friday
11/4/2022,6:00 PM,191,Friday
11/4/2022,7:00 PM,65,Friday
11/4/2022,8:00 PM,0,Friday
11/4/2022,9:00 PM,0,Friday
11/5/2022,10:00 PM,0,Friday
11/5/2022,6:00 AM,0,Saturday
11/5/2022,7:00 AM,0,Saturday
11/5/2022,8:00 AM,154,Saturday
11/5/2022,9:00 AM,155,Saturday
11/5/2022,10:00 AM,133,Saturday
11/5/2022,11:00 AM,154,Saturday
11/5/2022,12:00 PM,148,Saturday
11/5/2022,1:00 PM,124,Saturday
11/5/2022,2:00 PM,148,Saturday
11/5/2022,3:00 PM,167,Saturday
11/5/2022,4:00 PM,125,Saturday
11/5/2022,5:00 PM,121,Saturday
11/5/2022,6:00 PM,124,Saturday
11/5/2022,7:00 PM,52,Saturday
11/5/2022,8:00 PM,0,Saturday
11/5/2022,9:00 PM,0,Saturday
11/6/2022,10:00 PM,0,Saturday
11/6/2022,6:00 AM,0,Sunday
11/6/2022,7:00 AM,197,Sunday
11/6/2022,8:00 AM,120,Sunday
11/6/2022,9:00 AM,132,Sunday
11/6/2022,10:00 AM,114,Sunday
11/6/2022,11:00 AM,143,Sunday
11/6/2022,12:00 PM,170,Sunday
11/6/2022,1:00 PM,161,Sunday
11/6/2022,2:00 PM,196,Sunday
11/6/2022,3:00 PM,200,Sunday
11/6/2022,4:00 PM,149,Sunday
11/6/2022,5:00 PM,133,Sunday
11/6/2022,6:00 PM,168,Sunday
11/6/2022,7:00 PM,34,Sunday
11/6/2022,8:00 PM,1,Sunday
11/7/2022,9:00 PM,152,Sunday
11/7/2022,10:00 PM,118,Sunday
11/7/2022,6:00 AM,131,Monday
11/7/2022,7:00 AM,172,Monday
11/7/2022,8:00 AM,148,Monday
11/7/2022,9:00 AM,130,Monday
11/7/2022,10:00 AM,138,Monday
11/7/2022,11:00 AM,141,Monday
11/7/2022,12:00 PM,144,Monday
11/7/2022,1:00 PM,201,Monday
11/7/2022,2:00 PM,193,Monday
11/7/2022,3:00 PM,306,Monday
11/7/2022,4:00 PM,233,Monday
11/7/2022,5:00 PM,132,Monday
11/7/2022,6:00 PM,177,Monday
11/7/2022,7:00 PM,129,Monday
11/7/2022,8:00 PM,15,Monday
11/7/2022,9:00 PM,103,Monday
11/8/2022,10:00 PM,97,Monday
11/8/2022,6:00 AM,118,Tuesday
11/8/2022,7:00 AM,182,Tuesday
11/8/2022,8:00 AM,157,Tuesday
11/8/2022,9:00 AM,125,Tuesday
11/8/2022,10:00 AM,118,Tuesday
11/8/2022,11:00 AM,123,Tuesday
11/8/2022,12:00 PM,134,Tuesday
11/8/2022,1:00 PM,200,Tuesday
11/8/2022,2:00 PM,187,Tuesday
11/8/2022,3:00 PM,223,Tuesday
11/8/2022,4:00 PM,253,Tuesday
11/8/2022,5:00 PM,138,Tuesday
11/8/2022,6:00 PM,185,Tuesday
11/8/2022,7:00 PM,137,Tuesday
11/8/2022,8:00 PM,29,Tuesday
11/8/2022,9:00 PM,132,Tuesday
11/9/2022,10:00 PM,133,Tuesday
11/9/2022,6:00 AM,136,Wednesday
11/9/2022,7:00 AM,214,Wednesday
11/9/2022,8:00 AM,166,Wednesday
11/9/2022,9:00 AM,170,Wednesday
11/9/2022,10:00 AM,154,Wednesday
11/9/2022,11:00 AM,176,Wednesday
11/9/2022,12:00 PM,174,Wednesday
11/9/2022,1:00 PM,233,Wednesday
11/9/2022,2:00 PM,276,Wednesday
11/9/2022,3:00 PM,267,Wednesday
11/9/2022,4:00 PM,257,Wednesday
11/9/2022,5:00 PM,164,Wednesday
11/9/2022,6:00 PM,207,Wednesday
11/9/2022,7:00 PM,105,Wednesday
11/9/2022,8:00 PM,20,Wednesday
11/9/2022,9:00 PM,73,Wednesday
11/10/2022,10:00 PM,111,Wednesday
11/10/2022,6:00 AM,116,Thursday
11/10/2022,7:00 AM,187,Thursday
11/10/2022,8:00 AM,196,Thursday
11/10/2022,9:00 AM,160,Thursday
11/10/2022,10:00 AM,170,Thursday
11/10/2022,11:00 AM,188,Thursday
11/10/2022,12:00 PM,215,Thursday
11/10/2022,1:00 PM,241,Thursday
11/10/2022,2:00 PM,224,Thursday
11/10/2022,3:00 PM,283,Thursday
11/10/2022,4:00 PM,212,Thursday
11/10/2022,5:00 PM,129,Thursday
11/10/2022,6:00 PM,141,Thursday
11/10/2022,7:00 PM,83,Thursday
11/10/2022,8:00 PM,12,Thursday
11/10/2022,9:00 PM,0,Thursday
11/11/2022,10:00 PM,0,Thursday
11/11/2022,6:00 AM,0,Friday
11/11/2022,7:00 AM,0,Friday
11/11/2022,8:00 AM,0,Friday
11/11/2022,9:00 AM,0,Friday
11/11/2022,10:00 AM,0,Friday
11/11/2022,11:00 AM,0,Friday
11/11/2022,12:00 PM,0,Friday
11/11/2022,1:00 PM,0,Friday
11/11/2022,2:00 PM,0,Friday
11/11/2022,3:00 PM,0,Friday
11/11/2022,4:00 PM,0,Friday
11/11/2022,5:00 PM,0,Friday
11/11/2022,6:00 PM,0,Friday
11/11/2022,7:00 PM,0,Friday
11/11/2022,8:00 PM,0,Friday
11/11/2022,9:00 PM,0,Friday
11/12/2022,10:00 PM,0,Friday
11/12/2022,6:00 AM,0,Saturday
11/12/2022,7:00 AM,187,Saturday
11/12/2022,8:00 AM,168,Saturday
11/12/2022,9:00 AM,152,Saturday
11/12/2022,10:00 AM,177,Saturday
11/12/2022,11:00 AM,144,Saturday
11/12/2022,12:00 PM,212,Saturday
11/12/2022,1:00 PM,177,Saturday
11/12/2022,2:00 PM,198,Saturday
11/12/2022,3:00 PM,158,Saturday
11/12/2022,4:00 PM,118,Saturday
11/12/2022,5:00 PM,101,Saturday
11/12/2022,6:00 PM,39,Saturday
11/12/2022,7:00 PM,0,Saturday
11/12/2022,8:00 PM,0,Saturday
11/12/2022,9:00 PM,0,Saturday
11/13/2022,10:00 PM,0,Saturday
11/13/2022,6:00 AM,0,Sunday
11/13/2022,7:00 AM,0,Sunday
11/13/2022,8:00 AM,154,Sunday
11/13/2022,9:00 AM,101,Sunday
11/13/2022,10:00 AM,114,Sunday
11/13/2022,11:00 AM,120,Sunday
11/13/2022,12:00 PM,118,Sunday
11/13/2022,1:00 PM,127,Sunday
11/13/2022,2:00 PM,154,Sunday
11/13/2022,3:00 PM,153,Sunday
11/13/2022,4:00 PM,186,Sunday
11/13/2022,5:00 PM,151,Sunday
11/13/2022,6:00 PM,141,Sunday
11/13/2022,7:00 PM,115,Sunday
11/13/2022,8:00 PM,32,Sunday
11/13/2022,9:00 PM,1,Sunday
11/14/2022,10:00 PM,111,Sunday
11/14/2022,6:00 AM,113,Monday
11/14/2022,7:00 AM,116,Monday
11/14/2022,8:00 AM,169,Monday
11/14/2022,9:00 AM,155,Monday
11/14/2022,10:00 AM,167,Monday
11/14/2022,11:00 AM,156,Monday
11/14/2022,12:00 PM,179,Monday
11/14/2022,1:00 PM,214,Monday
11/14/2022,2:00 PM,266,Monday
11/14/2022,3:00 PM,247,Monday
11/14/2022,4:00 PM,323,Monday
11/14/2022,5:00 PM,233,Monday
11/14/2022,6:00 PM,186,Monday
11/14/2022,7:00 PM,216,Monday
11/14/2022,8:00 PM,123,Monday
11/14/2022,9:00 PM,16,Monday
11/15/2022,10:00 PM,87,Monday
11/15/2022,6:00 AM,114,Tuesday
11/15/2022,7:00 AM,142,Tuesday
11/15/2022,8:00 AM,206,Tuesday
11/15/2022,9:00 AM,230,Tuesday
11/15/2022,10:00 AM,200,Tuesday
11/15/2022,11:00 AM,182,Tuesday
11/15/2022,12:00 PM,212,Tuesday
11/15/2022,1:00 PM,210,Tuesday
11/15/2022,2:00 PM,232,Tuesday
11/15/2022,3:00 PM,253,Tuesday
11/15/2022,4:00 PM,315,Tuesday
11/15/2022,5:00 PM,274,Tuesday
11/15/2022,6:00 PM,175,Tuesday
11/15/2022,7:00 PM,195,Tuesday
11/15/2022,8:00 PM,126,Tuesday
11/15/2022,9:00 PM,20,Tuesday
11/16/2022,10:00 PM,111,Tuesday
11/16/2022,6:00 AM,120,Wednesday
11/16/2022,7:00 AM,134,Wednesday
11/16/2022,8:00 AM,141,Wednesday
11/16/2022,9:00 AM,216,Wednesday
11/16/2022,10:00 AM,211,Wednesday
11/16/2022,11:00 AM,177,Wednesday
11/16/2022,12:00 PM,168,Wednesday
11/16/2022,1:00 PM,197,Wednesday
11/16/2022,2:00 PM,226,Wednesday
11/16/2022,3:00 PM,259,Wednesday
11/16/2022,4:00 PM,319,Wednesday
11/16/2022,5:00 PM,252,Wednesday
11/16/2022,6:00 PM,178,Wednesday
11/16/2022,7:00 PM,167,Wednesday
11/16/2022,8:00 PM,153,Wednesday
11/16/2022,9:00 PM,24,Wednesday
11/17/2022,10:00 PM,0,Wednesday
11/17/2022,6:00 AM,85,Thursday
11/17/2022,7:00 AM,110,Thursday
11/17/2022,8:00 AM,200,Thursday
11/17/2022,9:00 AM,159,Thursday
11/17/2022,10:00 AM,175,Thursday
11/17/2022,11:00 AM,197,Thursday
11/17/2022,12:00 PM,157,Thursday
11/17/2022,1:00 PM,181,Thursday
11/17/2022,2:00 PM,239,Thursday
11/17/2022,3:00 PM,216,Thursday
11/17/2022,4:00 PM,313,Thursday
11/17/2022,5:00 PM,205,Thursday
11/17/2022,6:00 PM,165,Thursday
11/17/2022,7:00 PM,127,Thursday
11/17/2022,8:00 PM,101,Thursday
11/17/2022,9:00 PM,13,Thursday
11/18/2022,10:00 PM,88,Thursday
11/18/2022,6:00 AM,56,Friday
11/18/2022,7:00 AM,87,Friday
11/18/2022,8:00 AM,128,Friday
11/18/2022,9:00 AM,170,Friday
11/18/2022,10:00 AM,126,Friday
11/18/2022,11:00 AM,130,Friday
11/18/2022,12:00 PM,180,Friday
11/18/2022,1:00 PM,232,Friday
11/18/2022,2:00 PM,235,Friday
11/18/2022,3:00 PM,191,Friday
11/18/2022,4:00 PM,226,Friday
11/18/2022,5:00 PM,188,Friday
11/18/2022,6:00 PM,113,Friday
11/18/2022,7:00 PM,30,Friday
11/18/2022,8:00 PM,0,Friday
11/18/2022,9:00 PM,0,Friday
11/19/2022,10:00 PM,0,Friday
11/19/2022,6:00 AM,0,Saturday
11/19/2022,7:00 AM,0,Saturday
11/19/2022,8:00 AM,142,Saturday
11/19/2022,9:00 AM,122,Saturday
11/19/2022,10:00 AM,114,Saturday
11/19/2022,11:00 AM,75,Saturday
11/19/2022,12:00 PM,147,Saturday
11/19/2022,1:00 PM,169,Saturday
11/19/2022,2:00 PM,183,Saturday
11/19/2022,3:00 PM,204,Saturday
11/19/2022,4:00 PM,162,Saturday
11/19/2022,5:00 PM,98,Saturday
11/19/2022,6:00 PM,82,Saturday
11/19/2022,7:00 PM,40,Saturday
11/19/2022,8:00 PM,0,Saturday
11/19/2022,9:00 PM,0,Saturday
11/20/2022,10:00 PM,0,Saturday
11/20/2022,6:00 AM,0,Sunday
11/20/2022,7:00 AM,0,Sunday
11/20/2022,8:00 AM,113,Sunday
11/20/2022,9:00 AM,100,Sunday
11/20/2022,10:00 AM,103,Sunday
11/20/2022,11:00 AM,115,Sunday
11/20/2022,12:00 PM,85,Sunday
11/20/2022,1:00 PM,112,Sunday
11/20/2022,2:00 PM,119,Sunday
11/20/2022,3:00 PM,179,Sunday
11/20/2022,4:00 PM,163,Sunday
11/20/2022,5:00 PM,97,Sunday
11/20/2022,6:00 PM,121,Sunday
11/20/2022,7:00 PM,103,Sunday
11/20/2022,8:00 PM,27,Sunday
11/20/2022,9:00 PM,0,Sunday
11/21/2022,10:00 PM,86,Sunday
11/21/2022,6:00 AM,63,Monday
11/21/2022,7:00 AM,64,Monday
11/21/2022,8:00 AM,111,Monday
11/21/2022,9:00 AM,100,Monday
11/21/2022,10:00 AM,103,Monday
11/21/2022,11:00 AM,107,Monday
11/21/2022,12:00 PM,120,Monday
11/21/2022,1:00 PM,183,Monday
11/21/2022,2:00 PM,195,Monday
11/21/2022,3:00 PM,202,Monday
11/21/2022,4:00 PM,241,Monday
11/21/2022,5:00 PM,195,Monday
11/21/2022,6:00 PM,125,Monday
11/21/2022,7:00 PM,116,Monday
11/21/2022,8:00 PM,76,Monday
11/21/2022,9:00 PM,10,Monday
11/22/2022,10:00 PM,45,Monday
11/22/2022,6:00 AM,52,Tuesday
11/22/2022,7:00 AM,75,Tuesday
11/22/2022,8:00 AM,103,Tuesday
11/22/2022,9:00 AM,112,Tuesday
11/22/2022,10:00 AM,107,Tuesday
11/22/2022,11:00 AM,115,Tuesday
11/22/2022,12:00 PM,108,Tuesday
11/22/2022,1:00 PM,120,Tuesday
11/22/2022,2:00 PM,142,Tuesday
11/22/2022,3:00 PM,138,Tuesday
11/22/2022,4:00 PM,171,Tuesday
11/22/2022,5:00 PM,113,Tuesday
11/22/2022,6:00 PM,93,Tuesday
11/22/2022,7:00 PM,94,Tuesday
11/22/2022,8:00 PM,41,Tuesday
11/22/2022,9:00 PM,6,Tuesday
11/23/2022,10:00 PM,40,Tuesday
11/23/2022,6:00 AM,35,Wednesday
11/23/2022,7:00 AM,38,Wednesday
11/23/2022,8:00 AM,57,Wednesday
11/23/2022,9:00 AM,89,Wednesday
11/23/2022,10:00 AM,94,Wednesday
11/23/2022,11:00 AM,77,Wednesday
11/23/2022,12:00 PM,81,Wednesday
11/23/2022,1:00 PM,46,Wednesday
11/23/2022,2:00 PM,0,Wednesday
11/23/2022,3:00 PM,0,Wednesday
11/23/2022,4:00 PM,0,Wednesday
11/23/2022,5:00 PM,0,Wednesday
11/23/2022,6:00 PM,0,Wednesday
11/23/2022,7:00 PM,0,Wednesday
11/23/2022,8:00 PM,0,Wednesday
11/23/2022,9:00 PM,0,Wednesday
11/24/2022,10:00 PM,0,Wednesday
11/24/2022,6:00 AM,0,Thursday
11/24/2022,7:00 AM,0,Thursday
11/24/2022,8:00 AM,0,Thursday
11/24/2022,9:00 AM,0,Thursday
11/24/2022,10:00 AM,0,Thursday
11/24/2022,11:00 AM,0,Thursday
11/24/2022,12:00 PM,0,Thursday
11/24/2022,1:00 PM,0,Thursday
11/24/2022,2:00 PM,0,Thursday
11/24/2022,3:00 PM,0,Thursday
11/24/2022,4:00 PM,0,Thursday
11/24/2022,5:00 PM,0,Thursday
11/24/2022,6:00 PM,0,Thursday
11/24/2022,7:00 PM,0,Thursday
11/24/2022,8:00 PM,0,Thursday
11/24/2022,9:00 PM,0,Thursday
11/25/2022,10:00 PM,0,Thursday
11/25/2022,6:00 AM,0,Friday
11/25/2022,7:00 AM,0,Friday
11/25/2022,8:00 AM,0,Friday
11/25/2022,9:00 AM,0,Friday
11/25/2022,10:00 AM,0,Friday
11/25/2022,11:00 AM,0,Friday
11/25/2022,12:00 PM,0,Friday
11/25/2022,1:00 PM,0,Friday
11/25/2022,2:00 PM,0,Friday
11/25/2022,3:00 PM,0,Friday
11/25/2022,4:00 PM,0,Friday
11/25/2022,5:00 PM,0,Friday
11/25/2022,6:00 PM,0,Friday
11/25/2022,7:00 PM,0,Friday
11/25/2022,8:00 PM,0,Friday
11/25/2022,9:00 PM,0,Friday
11/26/2022,10:00 PM,0,Friday
11/26/2022,6:00 AM,0,Saturday
11/26/2022,7:00 AM,0,Saturday
11/26/2022,8:00 AM,0,Saturday
11/26/2022,9:00 AM,0,Saturday
11/26/2022,10:00 AM,0,Saturday
11/26/2022,11:00 AM,0,Saturday
11/26/2022,12:00 PM,0,Saturday
11/26/2022,1:00 PM,0,Saturday
11/26/2022,2:00 PM,0,Saturday
11/26/2022,3:00 PM,0,Saturday
11/26/2022,4:00 PM,0,Saturday
11/26/2022,5:00 PM,0,Saturday
11/26/2022,6:00 PM,0,Saturday
11/26/2022,7:00 PM,0,Saturday
11/26/2022,8:00 PM,0,Saturday
11/26/2022,9:00 PM,0,Saturday
11/27/2022,10:00 PM,0,Saturday
11/27/2022,6:00 AM,0,Sunday
11/27/2022,7:00 AM,0,Sunday
11/27/2022,8:00 AM,0,Sunday
11/27/2022,9:00 AM,0,Sunday
11/27/2022,10:00 AM,0,Sunday
11/27/2022,11:00 AM,0,Sunday
11/27/2022,12:00 PM,0,Sunday
11/27/2022,1:00 PM,0,Sunday
11/27/2022,2:00 PM,0,Sunday
11/27/2022,3:00 PM,0,Sunday
11/27/2022,4:00 PM,0,Sunday
11/27/2022,5:00 PM,0,Sunday
11/27/2022,6:00 PM,0,Sunday
11/27/2022,7:00 PM,0,Sunday
11/27/2022,8:00 PM,0,Sunday
11/27/2022,9:00 PM,0,Sunday
11/28/2022,10:00 PM,118,Sunday
11/28/2022,6:00 AM,89,Monday
11/28/2022,7:00 AM,120,Monday
11/28/2022,8:00 AM,160,Monday
11/28/2022,9:00 AM,153,Monday
11/28/2022,10:00 AM,185,Monday
11/28/2022,11:00 AM,147,Monday
11/28/2022,12:00 PM,169,Monday
11/28/2022,1:00 PM,194,Monday
11/28/2022,2:00 PM,273,Monday
11/28/2022,3:00 PM,252,Monday
11/28/2022,4:00 PM,302,Monday
11/28/2022,5:00 PM,202,Monday
11/28/2022,6:00 PM,151,Monday
11/28/2022,7:00 PM,163,Monday
11/28/2022,8:00 PM,116,Monday
11/28/2022,9:00 PM,26,Monday
11/29/2022,10:00 PM,93,Monday
11/29/2022,6:00 AM,123,Tuesday
11/29/2022,7:00 AM,139,Tuesday
11/29/2022,8:00 AM,255,Tuesday
11/29/2022,9:00 AM,208,Tuesday
11/29/2022,10:00 AM,167,Tuesday
11/29/2022,11:00 AM,149,Tuesday
11/29/2022,12:00 PM,183,Tuesday
11/29/2022,1:00 PM,223,Tuesday
11/29/2022,2:00 PM,241,Tuesday
11/29/2022,3:00 PM,240,Tuesday
11/29/2022,4:00 PM,286,Tuesday
11/29/2022,5:00 PM,242,Tuesday
11/29/2022,6:00 PM,172,Tuesday
11/29/2022,7:00 PM,180,Tuesday
11/29/2022,8:00 PM,125,Tuesday
11/29/2022,9:00 PM,30,Tuesday
11/30/2022,10:00 PM,101,Tuesday
11/30/2022,6:00 AM,108,Wednesday
11/30/2022,7:00 AM,117,Wednesday
11/30/2022,8:00 AM,172,Wednesday
11/30/2022,9:00 AM,197,Wednesday
11/30/2022,10:00 AM,168,Wednesday
11/30/2022,11:00 AM,158,Wednesday
11/30/2022,12:00 PM,162,Wednesday
11/30/2022,1:00 PM,178,Wednesday
11/30/2022,2:00 PM,252,Wednesday
11/30/2022,3:00 PM,225,Wednesday
11/30/2022,4:00 PM,286,Wednesday
11/30/2022,5:00 PM,257,Wednesday
11/30/2022,6:00 PM,169,Wednesday
11/30/2022,7:00 PM,165,Wednesday
11/30/2022,8:00 PM,131,Wednesday
11/30/2022,9:00 PM,23,Wednesday
12/1/2022,10:00 PM,61,Wednesday
12/1/2022,6:00 AM,83,Thursday
12/1/2022,7:00 AM,111,Thursday
12/1/2022,8:00 AM,160,Thursday
12/1/2022,9:00 AM,152,Thursday
12/1/2022,10:00 AM,159,Thursday
12/1/2022,11:00 AM,168,Thursday
12/1/2022,12:00 PM,167,Thursday
12/1/2022,1:00 PM,157,Thursday
12/1/2022,2:00 PM,214,Thursday
12/1/2022,3:00 PM,156,Thursday
12/1/2022,4:00 PM,202,Thursday
12/1/2022,5:00 PM,177,Thursday
12/1/2022,6:00 PM,138,Thursday
12/1/2022,7:00 PM,73,Thursday
12/1/2022,8:00 PM,58,Thursday
12/1/2022,9:00 PM,4,Thursday
12/2/2022,10:00 PM,79,Thursday
12/2/2022,6:00 AM,57,Friday
12/2/2022,7:00 AM,102,Friday
12/2/2022,8:00 AM,130,Friday
12/2/2022,9:00 AM,123,Friday
12/2/2022,10:00 AM,184,Friday
12/2/2022,11:00 AM,136,Friday
12/2/2022,12:00 PM,170,Friday
12/2/2022,1:00 PM,164,Friday
12/2/2022,2:00 PM,202,Friday
12/2/2022,3:00 PM,200,Friday
12/2/2022,4:00 PM,205,Friday
12/2/2022,5:00 PM,164,Friday
12/2/2022,6:00 PM,115,Friday
12/2/2022,7:00 PM,39,Friday
12/2/2022,8:00 PM,0,Friday
12/2/2022,9:00 PM,0,Friday
12/3/2022,10:00 PM,0,Friday
12/3/2022,6:00 AM,0,Saturday
12/3/2022,7:00 AM,0,Saturday
12/3/2022,8:00 AM,176,Saturday
12/3/2022,9:00 AM,150,Saturday
12/3/2022,10:00 AM,112,Saturday
12/3/2022,11:00 AM,110,Saturday
12/3/2022,12:00 PM,123,Saturday
12/3/2022,1:00 PM,160,Saturday
12/3/2022,2:00 PM,180,Saturday
12/3/2022,3:00 PM,213,Saturday
12/3/2022,4:00 PM,209,Saturday
12/3/2022,5:00 PM,171,Saturday
12/3/2022,6:00 PM,150,Saturday
12/3/2022,7:00 PM,47,Saturday
12/3/2022,8:00 PM,0,Saturday
12/3/2022,9:00 PM,0,Saturday
12/4/2022,10:00 PM,0,Saturday
12/4/2022,6:00 AM,0,Sunday
12/4/2022,7:00 AM,0,Sunday
12/4/2022,8:00 AM,93,Sunday
12/4/2022,9:00 AM,94,Sunday
12/4/2022,10:00 AM,123,Sunday
12/4/2022,11:00 AM,124,Sunday
12/4/2022,12:00 PM,92,Sunday
12/4/2022,1:00 PM,113,Sunday
12/4/2022,2:00 PM,144,Sunday
12/4/2022,3:00 PM,167,Sunday
12/4/2022,4:00 PM,170,Sunday
12/4/2022,5:00 PM,106,Sunday
12/4/2022,6:00 PM,116,Sunday
12/4/2022,7:00 PM,84,Sunday
12/4/2022,8:00 PM,37,Sunday
12/4/2022,9:00 PM,0,Sunday
12/5/2022,10:00 PM,56,Sunday
12/5/2022,6:00 AM,73,Monday
12/5/2022,7:00 AM,73,Monday
12/5/2022,8:00 AM,125,Monday
12/5/2022,9:00 AM,155,Monday
12/5/2022,10:00 AM,137,Monday
12/5/2022,11:00 AM,118,Monday
12/5/2022,12:00 PM,139,Monday
12/5/2022,1:00 PM,139,Monday
12/5/2022,2:00 PM,210,Monday
12/5/2022,3:00 PM,198,Monday
12/5/2022,4:00 PM,256,Monday
12/5/2022,5:00 PM,222,Monday
12/5/2022,6:00 PM,183,Monday
12/5/2022,7:00 PM,124,Monday
12/5/2022,8:00 PM,88,Monday
12/5/2022,9:00 PM,9,Monday
12/6/2022,10:00 PM,46,Monday
12/6/2022,6:00 AM,67,Tuesday
12/6/2022,7:00 AM,78,Tuesday
12/6/2022,8:00 AM,117,Tuesday
12/6/2022,9:00 AM,122,Tuesday
12/6/2022,10:00 AM,142,Tuesday
12/6/2022,11:00 AM,124,Tuesday
12/6/2022,12:00 PM,134,Tuesday
12/6/2022,1:00 PM,161,Tuesday
12/6/2022,2:00 PM,181,Tuesday
12/6/2022,3:00 PM,156,Tuesday
12/6/2022,4:00 PM,175,Tuesday
12/6/2022,5:00 PM,186,Tuesday
12/6/2022,6:00 PM,143,Tuesday
12/6/2022,7:00 PM,117,Tuesday
12/6/2022,8:00 PM,75,Tuesday
12/6/2022,9:00 PM,14,Tuesday
12/7/2022,10:00 PM,47,Tuesday
12/7/2022,6:00 AM,43,Wednesday
12/7/2022,7:00 AM,70,Wednesday
12/7/2022,8:00 AM,98,Wednesday
12/7/2022,9:00 AM,126,Wednesday
12/7/2022,10:00 AM,148,Wednesday
12/7/2022,11:00 AM,133,Wednesday
12/7/2022,12:00 PM,136,Wednesday
12/7/2022,1:00 PM,132,Wednesday
12/7/2022,2:00 PM,179,Wednesday
12/7/2022,3:00 PM,166,Wednesday
12/7/2022,4:00 PM,183,Wednesday
12/7/2022,5:00 PM,151,Wednesday
12/7/2022,6:00 PM,108,Wednesday
12/7/2022,7:00 PM,92,Wednesday
12/7/2022,8:00 PM,76,Wednesday
12/7/2022,9:00 PM,13,Wednesday
12/8/2022,10:00 PM,39,Wednesday
12/8/2022,6:00 AM,30,Thursday
12/8/2022,7:00 AM,51,Thursday
12/8/2022,8:00 AM,69,Thursday
12/8/2022,9:00 AM,112,Thursday
12/8/2022,10:00 AM,122,Thursday
12/8/2022,11:00 AM,134,Thursday
12/8/2022,12:00 PM,145,Thursday
12/8/2022,1:00 PM,150,Thursday
12/8/2022,2:00 PM,155,Thursday
12/8/2022,3:00 PM,175,Thursday
12/8/2022,4:00 PM,171,Thursday
12/8/2022,5:00 PM,133,Thursday
12/8/2022,6:00 PM,100,Thursday
12/8/2022,7:00 PM,95,Thursday
12/8/2022,8:00 PM,54,Thursday
12/8/2022,9:00 PM,3,Thursday
12/9/2022,10:00 PM,34,Thursday
12/9/2022,6:00 AM,29,Friday
12/9/2022,7:00 AM,50,Friday
12/9/2022,8:00 AM,53,Friday
12/9/2022,9:00 AM,65,Friday
12/9/2022,10:00 AM,85,Friday
12/9/2022,11:00 AM,82,Friday
12/9/2022,12:00 PM,85,Friday
12/9/2022,1:00 PM,129,Friday
12/9/2022,2:00 PM,156,Friday
12/9/2022,3:00 PM,136,Friday
12/9/2022,4:00 PM,130,Friday
12/9/2022,5:00 PM,109,Friday
12/9/2022,6:00 PM,71,Friday
12/9/2022,7:00 PM,24,Friday
12/9/2022,8:00 PM,0,Friday
12/9/2022,9:00 PM,0,Friday
12/10/2022,10:00 PM,0,Friday
12/10/2022,6:00 AM,0,Saturday
12/10/2022,7:00 AM,0,Saturday
12/10/2022,8:00 AM,0,Saturday
12/10/2022,9:00 AM,4,Saturday
12/10/2022,10:00 AM,61,Saturday
12/10/2022,11:00 AM,44,Saturday
12/10/2022,12:00 PM,82,Saturday
12/10/2022,1:00 PM,96,Saturday
12/10/2022,2:00 PM,70,Saturday
12/10/2022,3:00 PM,82,Saturday
12/10/2022,4:00 PM,64,Saturday
12/10/2022,5:00 PM,19,Saturday
12/10/2022,6:00 PM,0,Saturday
12/10/2022,7:00 PM,0,Saturday
12/10/2022,8:00 PM,0,Saturday
12/10/2022,9:00 PM,0,Saturday
12/10/2022,10:00 PM,0,Saturday